"Details
Project",Street,City,State,Zip
25-07060-00,"La Tuilière 6, 1163  ",Etoy,Romandy,
25-07082-00,  ,Abu Dhabi,AbuDahabi,
39-18811-00,200 King Street E  ,Toronto,ON,m9n1l7
55-00000-09,Golf Course Extension Road  ,Gurgaon,Haryana,122102
55-00000-10,Sector 60  ,Gurgaon,Haryana,122102
55-00000-11,Malad West  ,Mumbai,Mumbai,400064
55-00000-12,Sector 61  ,Gurgaon,add,122102
55-00000-20,Sablière B.P. 4000  ,Libreville,libreville,
55-00000-28,4 Avenue Gabriel  ,Paris,add,75008
55-00000-29,  ,Tijuana,BJ,
55-17109-00,  ,Berne,.,
55-17109-03,  ,Berne,.,
55-17109-04,  ,Berne,.,
57-12020-00,  ,Xi'an,TW,
57-12069-00,  ,Taipei City,TW,
57-12070-00,  ,Taipei City,TW,
57-13021-00,  ,Libreville,libreville,
57-13116-00,  ,Libreville,libreville,
57-13132-00,  ,Beijing,Beij,
68-00000-01,  ,Shanghai,shan,
68-00000-02,  ,Chengdu,Sic,
68-00000-03,  ,Dujiangyan,Sic,
68-00000-04,  ,Shanghai,shan,
68-00000-05,  ,Guanzhou,Gau,
68-00000-06,  ,JiangSu,JS,
68-00000-07,  ,Shanghai,shan,
68-00000-08,  ,Taiyuan,SX,
68-00000-09,  ,Wuxi,JS,
68-00000-10,  ,Wuhan,Hub,
68-00000-11,  ,Zhuhai,Gau,
68-11102-00,  ,Ningbo,zhe,
68-11102-10,  ,Ningbo,zhe,
68-11103-00,  ,East China,shan,
68-11104-00,"Sheshan National Resort Area, 5088 Chenghua Road  ",Songiang District,shan,201600
68-11104-10,  ,Songiang District,shan,
68-11105-00,  ,Tiajin,zhe,
68-11106-00,  ,Shenzhen,Gau,
68-11107-00,  ,Tianjin,tia,
68-11108-00,  ,Beijing,Beij,
68-11109-00,  ,Kunming,yun,
68-11110-00,  ,Guadalajara,JA,
68-11111-00,  ,Jinjiang,fuj,
68-11112-00,  ,Dilian,Lia,
68-11113-00,  ,Beijing,Beij,
68-11113-10,  ,Ningbo,zhe,
68-11113-20,  ,Ningbo,zhe,
68-11202-00,171 Prospect Mira  ,Bishkek,Bishkek,720016
68-12101-00,Pully Campus  ,Lusanne,Romandy,
68-12101-01,Puxi Campus in Shanghai Shunyi Campus in Beijing ,Shanghai & Beijing,Beij,
68-12101-02,  ,Aubonne,Romandy,
68-12102-00,  ,Dubai,Dubai,
68-12122-00,  ,Jeddah,jedd,
68-13101-00,Sector 30  ,Navi Mumbai,Mah,MH 400706
68-13102-00,  ,Kangundo,Kenya,
68-13103-00,  ,Navi Mumbai,Mah,
68-13104-00,"India - use Seattle, WA in order to set up project  ",New Delhi,Del,
68-13104-01,FIFC  ,Mumbai,Mumbai,
68-13104-02,"Infinity Mall Mumbai, India  ",Mumbai,Mumbai,
68-13104-03,"Mumbai Domestic Airport Airport Arrivals Mumbai, India ",Mumbai,Mumbai,
68-13104-04,Koregaon Park  ,Pune,Mah,
68-13105-00,"Petronas Twin Towers Level 54, Tower 2 ",Kaula Lumpur City,KL,
68-13106-00,"Al Barsha 1, Dubai  ",Dubai,Dubai,Dubai
68-13106-01,  ,Dubai,Dubai,Dubai
68-13106-02,  ,Dubai,Dubai,
68-13106-03,  ,Dubai,Dubai,
68-13106-04,  ,Dubai,Dubai,
68-13106-05,  ,Dubai,Dubai,
68-13106-06,  ,Dubai,Dubai,
68-13106-07,  ,Dubai,Dubai,
68-13106-08,"Al Barsha 1, Dubai  ",Dubai,Dubai,
68-13106-09,"Al Barsha 1, Dubai  ",Dubai,Dubai,
68-13106-10,  ,Dubai,Dubai,
68-13106-11,"Al Barsha 1, Dubai  ",Dubai,Dubai,
68-13106-12,"Al Barsha 1, Dubai  ",Dubai,Dubai,
68-13106-13,"Al Barsha 1, Dubai  ",Dubai,Dubai,
68-13106-20,  ,Dubai,Dubai,
68-13106-30,  ,Dubai,Dubai,
68-13106-31,  ,Dubai,Dubai,
68-13106-40,  ,Dubai,Dubai,
68-13106-50,  ,Dubai,Dubai,
68-13106-60,  ,Dubai,Dubai,
68-13107-00,Al Rayyan Gate  ,Doha,Doha,Doha
68-13107-01,  ,"Doha, Qatar",Doha,Doha
68-13107-02,  ,"Doha, Qatar",Doha,Doha
68-13107-03,  ,"Doha, Qatar",Doha,Doha
68-13108-00,  ,Dubai,Dubai,Dubai
68-13109-00,  ,Port-au-Prince,Ouest,
68-13110-00,813-814 International Trade Tower  ,Nehru Place,Del,110019
68-13111-00,114 Hasan Aliyev Street  ,Baku,Baku,AZ1052
68-13112-00,400 E Del Cruce  ,La Guácima,Alajuela,11301
68-13113-00,3211 Grant McConachie Way  ,Richmond,BC,
68-13114-00,  ,Edmonton,AB,
68-13115-00,Soho KL  ,Kuala Lumpur,KL,
68-13116-00,  ,Regina,SK,S4M 0A1
68-13116-10,  ,Regina,SK,S4M 0A1
68-13117-00,25 Nobel Avenue  ,White City,Baku,AZ 1025
68-13118-00,University of Ottawa  ,Ottawa,ON,
68-13119-00,Indira Nagar  ,Bangalore,kamataka,560038
68-13120-00,Prestige Church Street  ,Bangalore 560001,kamataka,560001
68-13121-00,"Off Linking Road, Santacruz West  ",Delhi,Del,
68-13122-00,Amritsar  ,Nehru Place,Del,110019
68-13123-00,  ,Pago Pago,Pago,96799
68-13124-00,Jinyuan Yansha #4  ,Beijing,Beij,
68-13125-00,Oriental Ginza  ,Beijing,Beij,
68-13126-00,  ,St. Johns,stJohn,
68-13127-00,Wangjing Cadenza Shopping Center  ,Beijing,Beij,
68-13128-00,Euro Plaza Tianzhu area of Shunyi District ,Beijing,Beij,
68-14101-00,  ,Guanacaste,Guanacaste,
68-14102-00,  ,Halifax,NS,
68-14103-00,Safeway Store #305  ,Winnipeg,MB,
68-14104-00,Safeway Store #301  ,Regina,SK,
68-14105-00,  ,Port-au-Prince,Ouest,
68-14106-00,  ,Port-au-Prince,Ouest,
68-14107-00,University of Alberta  ,Edmonton,AB,T6G 2R3
68-14108-00,  ,St. Johns,stJohn,
68-14109-00,District of Az Zahra  ,Jeddah,jedd,21433
68-14110-00,Saudi Airlines Sinnovate  ,Jeddah,jedd,
68-14111-00,PO Box 43844-00100  ,Nairobi,Kenya,
68-14111-01,  ,Nairobi,Kenya,
68-14112-00,Kenyatta Universities Main Campus  ,Nairobi,Kenya,
68-14113-00,  ,Baku,Baku,
68-14114-00,  ,Tel Aviv,gushdan,
68-14115-00,  ,Vancouver,BC,
68-14118-00,  ,New Delhi,Del,
68-14119-00,  ,Karachi,Karachi,
68-14119-32,  ,Karachi,Karachi,
68-15101-00,  ,Edmonton,AB,T5J 2B3
68-15102-00,  ,British Virgin Islands,add,
68-15103-00,  ,Saskatoon,SK,
68-15104-00,Sarooj: F & B Complex  ,Muscat,add,
68-15105-00,  ,Nairobi,Nairobi,
68-15106-00,  ,Regina,SK,
68-15107-00,Emaar Square Building  ,Dubai,Dubai,
68-15108-00,  ,Nairbi,Nairobi,
68-15109-00,  ,Nairobi,Kenya,
68-15110-00,  ,Westlands Nairobi,Kenya,
68-15111-00,  ,Westland Nairobi,Kenya,
68-15112-00,  ,Usaka,Kenya,
68-15113-00,  ,Zambia,add,
68-15114-00,  ,Zambia,add,
68-15115-00,  ,Zambia,NON-US,
68-15116-00,  ,Mukono,add,
68-15117-00,  ,Acacia,NON-US,
68-15118-00,  ,Xalapa,VZ,
68-15202-00,  ,Hamilton,Hamilton,
68-16109-00,  ,Hamburg,add,
68-16110-00,  ,Lyon,add,
68-16110-01,  ,Lyon,add,
68-16111-00,  ,Baghdad,add,
68-16112-00,US Embassy  ,Vienna,add,
68-16112-06,  ,Vienna,add,
68-17102-00,  ,Adana,add,
68-17102-01,  ,Adana,add,
68-17102-02,  ,Adana,add,
68-17102-03,  ,Adana,add,
68-17102-04,  ,Adana,add,
68-18101-00,  ,Hamburg,.,
68-18101-01,  ,Hamburg,.,
68-18102-00,  ,Lyon,add,
68-18103-00,  ,Montego Bay,add,
68-18104-00,  ,Runaway Bay,add,
68-18105-00,  ,Rose Hall,add,
68-18106-00,  ,Surrey,BC,
68-18107-00,  ,Lusaka,.,
68-18108-00,  ,Red Deer,AB,
68-19101-00,1000 Gauchetiere  ,Montreal,QC,
68-19101-01,Mansfield St  ,Montreal,QC,
68-19101-02,Ivanhoe  ,Montreal,QC,
68-19101-03,Cours Mont Royal  ,Montreal,QC,
68-19102-00,Enbridge Centre Suite 1800A 10175 101 Street NW,Edmonton,AB,
68-19103-00,  ,Lunenburg,NS,
68-20101-00,  ,Christiansted,stCroix,820
68-20101-01,  ,"Christiansted, St Croix",add,
68-20101-02,  ,"Christiansted, St. Croix",add,820
68-20101-03,  ,"Christiansted, St. Croix",add,820
68-20101-04,  ,"Christiansted, St. Croix",add,820
68-20101-05,  ,"Christiansted, St. Croix",add,820
68-20101-06,  ,"Christiansted, St. Croix",add,820
68-20101-07,  ,"Christiansted, St. Croix",add,820
68-20101-08,  ,"Christiansted, St. Croix",add,820
68-20101-09,  ,"Christiansted, St. Croix",add,820
68-20101-10,  ,"Christiansted, St. Croix",add,820
68-21101-00,  ,Dublin,add,
68-21101-10,  ,Dublin,add,
68-68111-04,  ,Guadalajara,JA,
73-11136-07,3111 Convair Drive  ,Toronto AMF,ON,L5P 1B2
73-11136-08,3111 Convair Drive  ,Toronto AMF,ON,L5P 1B2
73-11136-29,141 West 14th Street  ,North Vancouver,BC,V7M 1H9
80-12101-00,  ,Shanghai,shan,
80-12101-01,  ,Shanghai,shan,
80-12101-10,  ,Shanghai,shan,
80-12101-11,  ,Shanghai,shan,
80-13101-00,  ,Haikou,HI,
80-13101-01,  ,Haikou,HI,
80-13102-00,YaoQiang International Airport  Jinan,unknown,Beij,
80-13103-00,YinTai  Tangshan,unknown,Beij,
80-13104-00,"No.183, Sec. 2, Zhongshan N. Rd.  Tamsui Dist.",New Taipei City,TW,
80-13105-00,  ,Shanghai,shan,
80-13105-01,  ,Shanghai,shan,
80-13106-00,  ,Shanghai,shan,
80-13106-01,  ,Shanghai,shan,
80-13107-00,CR Land Phenix  ,Beijing,Beij,
80-14101-00,Aegean shopping Center Changyang District ,Beijing,Beij,
80-14102-00,Jialong Tower  ,Beijing,Beij,
80-14103-00,Tianjin Hengtai Plaza  ,Beijing,Beij,
80-14104-00,Tianjin Kaili  ,TianJin,tia,
80-14105-00,  ,Shanghai,shan,
80-14105-01,  ,Shanghai,shan,
80-14106-00,Room 2601 900 Pudong Ave ,Shanghai,shan,200135
80-14106-01,Room 2601 900 Pudong Ave ,Shanghai,shan,200135
80-14107-00,688 Jiyang Rd  ,Shanghai,shan,
80-14107-01,688 Jiyang Rd  ,Shanghai,shan,
80-14108-00,  ,Shanghai,shan,
80-14108-01,  ,Shanghai,shan,
80-14109-00,  ,Shanghai,shan,
80-14109-01,  ,Shanghai,shan,
80-14110-00,  ,Shanghai,shan,
80-14110-01,  ,Shanghai,shan,
80-14110-03,  ,Shanghai,shan,
80-14111-00,  ,Shanghai,shan,
80-14111-01,  ,Shanghai,shan,
80-15101-00,  ,Shanghai,shan,
80-15101-01,  ,Shanghai,shan,
80-15102-00,  ,Shanghai,shan,
80-15102-01,  ,Shanghai,shan,
80-15103-00,  ,Xi'an,SN,
80-15103-01,  ,Xi'an,SN,
80-15104-00,  ,Qingdao,Beij,
80-15105-00,  ,Shanghai,shan,
80-15105-01,  ,Shanghai,shan,
80-15105-20,  ,Shanghai,shan,
80-15105-21,  ,Shanghai,shan,
80-15105-30,  ,Shanghai,shan,
80-15105-40,  ,Shanghai,shan,
80-15106-00,688 # Jiyang Road Pudong District ,Shanghai,shan,
80-15106-01,688 # Jiyang Road Pudong District ,Shanghai,shan,
80-15107-00,"18th Floor Ping An Finance Center 1333 Lujiazui Road, Pudong ",Shanghai,shan,
80-15107-01,"18th Floor Ping An Finance Center 1333 Lujiazui Road, Pudong ",Shanghai,shan,
80-15108-00,  ,Shanghai,shan,
80-15108-01,  ,Shanghai,shan,
80-15109-00,Shanghai JinQiao Hi-Tech Park T-68#  ,Shanghai,shan,
80-15109-01,Shanghai JinQiao Hi-Tech Park T-68#  ,Shanghai,shan,
80-15110-00,Jinqiao Hi-Tech Park T-25#  ,Shanghai,shan,201206
80-15110-01,Jinqiao Hi-Tech Park T-25#  ,Shanghai,shan,201206
80-15111-00,Shanghai Jinqiao Hi-Tech Park T-28# Buinding E&F  ,Shanghai,shan,201206
80-15111-01,Shanghai Jinqiao Hi-Tech Park T-28# Buinding E&F  ,Shanghai,shan,201206
80-15112-00,E01/05/06 # LIZE Road  ,Beijing,Beij,
80-15112-01,E01/05/06 # LIZE Road  ,Beijing,Beij,
80-15113-00,  ,Shanghai,shan,
80-15113-01,  ,Shanghai,shan,
80-15114-00,  ,Beijing,Beij,
80-15114-01,  ,Beijing,Beij,
80-15115-00,  ,Shanghai,shan,
80-15115-01,  ,Shanghai,shan,
80-16016-00,  ,Shanghai,shan,
80-16016-04,  ,Shanghai,shan,
80-16016-05,  ,Shanghai,shan,
80-16101-00,  ,shanghai,shan,
80-16102-00,No. 1088 Xili Xueyuan Road Nanshan District ,Shenzhen,add,
80-16102-01,No. 1088 Xili Xueyuan Road Nanshan District ,Shenzhen,add,
80-16103-00,  ,Shanghai,shan,
80-16103-01,  ,Shanghai,shan,
80-16104-00,  ,Shanghai,shan,
80-16104-01,  ,Shanghai,shan,
80-16105-00,  ,Shanghai,shan,
80-16106-00,No. 235 Linyao Road  ,Pudong,shan,200126
80-16106-01,  ,Shanghai,shan,
80-16106-02,  ,Shanghai,shan,
80-16106-03,  ,Shanghai,shan,
80-16107-00,West Part of Hongqiao Airport G01-04#  ,Shanghai,shan,
80-16107-01,  ,Shanghai,shan,
80-16108-00,  ,Qianjiang,NON-US,
80-16108-01,  ,Qianjiang,NON-US,
80-16109-00,  ,Beijing,Beij,
80-16109-01,  ,Beijing,Beij,
80-16110-00,Jinqiao Hi-Tech Park T-31#  ,Shanghai,shan,
80-16111-00,asa  ,Shanghai,shan,
80-16111-01,  ,Shanghai,shan,
80-16112-00,  ,Qingdao,NON-US,
80-16112-01,  ,Qingdao,NON-US,
80-16113-00,  ,Beijing,Beij,
80-16113-01,  ,Beijing,Beij,
80-16114-00,  ,Shenzhen,NON-US,
80-16114-01,  ,Beijing,NON-US,
80-17101-00,688 Jiyang Rd  ,Shanghai,shan,
80-17101-01,688 Jiyang Rd  ,Shanghai,shan,
80-17102-00,South 2nd.ZhongShanRD  ,Shanghai,shan,
80-17103-00,  ,Dongguan,add,
80-17104-00,  ,DaFeng,NON-US,
80-17105-00,Plot #4-01 Financial Center Lixia District,Jinan,Sha,
80-17106-00,  ,Qianjiang,NON-US,
80-17107-00,East to South Henan Road South to Jiangyin Street ,Shanghai,shan,
80-17108-00,LinShan Island NanSha District ,Guangzhou,NON-US,
80-17109-00,No 5033 YiTian Road FuTian District,Shanghai,shan,
80-17110-00,  ,GuiYang,NON-US,
80-17111-00,  ,Shanghai,shan,
80-18101-00,"BohangRd., Pudong Area  ",Shanghai,shan,
80-18102-00,  ,Suzhou,NON-US,
80-18103-00,  ,Shanghai,shan,
80-18104-00,  ,Hualien,add,
80-18105-00,  ,Guiyang,NON-US,
80-18106-00,  ,Xiamen,NON-US,
80-18107-00,  ,Shanghai,shan,
80-18108-00,  ,Shenzhen,Gau,
80-18109-00,  ,Shanghai,shan,
80-18110-00,  ,Shanghai,shan,
80-18111-00,111 Ren'ai Road Suzhou Dushu Lake Science and Education Innovation Suzhou Industrial Park,Suzhou,NON-US,
80-19101-00,"F9,T1,990 Shenchang Road Xinhong Subdistrict ",Shanghai,shan,
80-19102-00,  ,Shanghai,shan,
80-19103-00,  ,Shanghai,shan,
80-19104-00,  ,Xi'an,NON-US,
80-19105-00,  ,Jiangsu,NON-US,
80-19106-00,  ,Jiangsu,NON-US,
80-19107-00,  ,Shanghai,shan,
80-19107-01,  ,Shanghai,shan,
80-19108-00,  ,Hangzhou,shan,
80-19109-00,"1201 Wan Chang Road,Wenling  ",Wenling,zhe,
80-19110-00,No.97 East Huanzhan road Jianggan District ,Hangzhou,zhe,
80-19111-00,  ,Shanghai,shan,
80-20101-00,  ,Shanghai,shan,
80-20102-00,  ,Guizhou,NON-US,
80-20103-00,"Nansha district, guangzhou  ",Guanzhou,Gau,
80-20104-00,  ,Wenling,NON-US,
80-20105-00,  ,Guian,GZ,
80-20106-00,  ,Shenzhen,NON-US,
80-20107-00,Qingdao west coast new district  ,Qingdao,NON-US,
80-20108-00,  ,Qingpu,shan,
80-20109-00,  ,Wuxi,NON-US,
80-20110-00,  ,Guangdong,NON-US,
80-20111-00,  ,Shanghai,shan,
80-20112-00,  ,Qingdao,NON-US,
80-21101-00,  ,Shanghai,shan,
80-21102-00,  ,Suzhou,zhe,
80-21103-00,  ,Shanghai,shan,
80-21104-00,  ,Hangzhou,zhe,
80-21105-00,  ,Shanghai,shan,
80-21106-00,  ,Shenzhen,NON-US,
80-21107-00,  ,Shanghai,shan,
80-21108-00,  ,Shanghai,shan,
83-16101-00,  ,Al Khobar,add,
83-16102-00,P.O. Box 12944 Jeddah 21483  ,Jeddah,jedd,21483
83-16103-00,  ,Incheon,.,
83-16103-10,  ,Incheon,.,
83-16104-00,  Mirdif Neighborhood,Dubai,Dubai,
83-16105-00,"Al Barsha 1, Dubai  ",Dubai,Dubai,
83-16105-01,"Al Barsha 1, Dubai  ",Dubai,Dubai,
83-16105-02,"Al Barsha 1, Dubai  ",Dubai,Dubai,
83-16105-03,"Al Barsha 1, Dubai  ",Dubai,Dubai,
83-16105-04,"Al Barsha 1, Dubai  ",Dubai,Dubai,
83-16106-00,"Al Barsha 1, Dubai  ",Dubai,Dubai,
83-16107-00,"Al Barsha 1, Dubai  ",dubai,Dubai,
83-16108-00,Dubai Wharf  ,Dubai,Dubai,
83-17101-00,"Emaar Misr for Development S.A.E. H/Q at Emaar Misr  Sales Center- “Uptown Cairo” P.O Box 229, Mokattam 11571, Cairo, Egypt",Cairo,NewCairo,
83-17102-00,"Babilou MENA LLC Office 1309, AL fattan Currency House Tower II DIFC",Dubai,Dubai,
83-17103-00,  ,Jeddah,jedd,
83-17104-00,"Mercato Mall Jumeirah Beach Road PO Box 755, Dubai,",Dubai,Dubai,
83-17105-00,Bloom Holding PO BOX 289928 ,Abu Dhabi,AbuDahabi,
83-17106-00,  ,Mecca,add,
83-18101-00,Emirates Hills  ,Dubai,Dubai,
83-18102-00,  ,Dubai,Dubai,
83-18103-00,Dubai  ,Dubai,Dubai,
83-18103-01,"Data Centre, Jebel Ali  ",Dubai,Dubai,
83-18103-02,"Data Centre, Jebel Ali  ",Dubai,Dubai,
83-18104-00,  ,Jeddah,jedd,
83-18105-00,"Union Properties, Motor City  ",Dubai,Dubai,
83-18105-01,"Union Properties, Motor City  ",Dubai,Dubai,
83-19101-00,  ,Riyadh,.,
83-19102-00,  ,Dubai,Dubai,
83-19103-00,P.O. Box 229 Mokattam 11571 ,Cairo,NewCairo,
83-19103-01,P.O. Box 229 Mokattam 11571 ,Cairo,NewCairo,
83-19104-00,  ,Doha,Doha,
83-19105-00,  ,Abu Dhabi,AbuDahabi,
83-19106-00,  ,Jeddah,jedd,
83-19107-00,  ,Abu Dhabi,AbuDahabi,
83-20101-00,  ,Al-Khobar,.,
83-20102-00,  ,Jeddah,jedd,
83-20103-00,  ,Jeddah,jedd,
83-20104-00,  ,Dubai,Dubai,
83-20105-00,  ,Jeddah,jedd,
83-20106-00,  ,Sharjah,Sharjah,
83-20107-00,  ,Madinah,.,
83-20108-00,  ,Jeddah,jedd,
83-20109-00,  ,Abu Dhabi,AbuDahabi,
83-20110-00,  ,Madinah,.,
83-20111-00,  ,Riyadh,riyadh,
83-20113-00,  ,Riyadh,riyadh,
83-21101-00,  ,Makkah,.,
83-21103-00,  ,Al-Khobar,.,
83-21104-00,  ,Riyadh,riyadh,
83-21105-00,  ,Al-Khobar,.,
83-21107-00,  ,Cairo,NewCairo,
84-16101-00,  ,Lusaka,.,
84-16102-00,  ,Lusaka,.,
84-16103-00,  ,Kampala,.,
84-16104-00,  ,Kampala,.,
84-16105-00,  ,kampala,.,
84-16107-00,  ,Mombasa,Nairobi,
84-16108-00,  ,Hurlingham,Nairobi,
84-16109-00,  ,Kilifi,Nairobi,
84-17101-00,  ,Nairobi,Nairobi,
84-17101-10,  ,Nairobi,Nairobi,
84-17102-00,  ,Nairobi,Nairobi,
84-17102-10,  ,Nairobi,Nairobi,
84-17103-00,  ,Nairobi,Nairobi,
84-17104-00,  ,Nairobi,Nairobi,
84-18101-00,  ,Nairobi,Nairobi,
84-18102-00,  ,Nairobi,Nairobi,
84-18103-00,  ,Nairobi,Nairobi,
84-18104-00,  ,Nairobi,Nairobi,
84-18105-00,  ,Nairobi,Nairobi,
84-18106-00,  ,Nairobi,Nairobi,
84-18107-00,  ,Nairobi,Nairobi,
84-18108-00,0,Nairobi,Nairobi,
84-18109-00,  ,Kiambu County,Nairobi,
84-18110-00,  ,Nairobi,Nairobi,
84-19101-00,  ,Nairobi,Nairobi,
84-19102-00,  ,Nairobi,Kenya,
84-19103-00,  ,Nairobi,Nairobi,
84-19103-10,  ,Naiobi,Nairobi,
84-19104-00,Mombasa Rd.  ,Nairobi,Nairobi,100
84-19105-00,P.O. Box 88271-008841  ,Mombasa,add,
84-19106-00,P.O.Box 20001-00200  ,Shanzu,Nairobi,
84-19107-00,Bishop Rd.  ,Nairobi,Nairobi,
84-19108-00,Thika Rd.  ,Nairobi,Nairobi,
84-19109-00,  ,Kigali,add,
84-19110-00,  ,Karen,Nairobi,
84-20101-00,  ,Nairobi,Nairobi,
84-20102-00,  ,Nairobi,Nairobi,
84-20103-00,  ,Kigali,add,
84-20104-00,  ,Juja,Nairobi,
84-20105-00,  ,Riara,Nairobi,
84-20106-00,  ,Runda,Nairobi,
84-20108-00,  ,Nairobi,Nairobi,
84-20109-00,  ,Nairobi,Nairobi,
84-21101-00,  ,Nairobi,Nairobi,
85-19101-00,7811 Granville Ave  ,Richmond,BC,V6Y 3E3
85-19102-00,"5555 West Hastings, Suite 2000  ",Vancouver,BC,V6B 4N6
85-21101-00,  ,Vancouver,BC,
85-21101-10,  ,Vancouver,BC,
85-21102-00,  ,Delta,BC,
86-19101-00,  ,Toronto,ON,
86-19101-01,  ,Toronto,ON,
86-19101-02,  ,Toronto,ON,
86-19101-03,  ,Toronto,ON,
86-19101-04,  ,Toronto,ON,
86-19101-05,  ,Toronto,ON,
86-19101-06,  ,Toronto,ON,
86-20101-00,Atlantic Avenue  ,Toronto,ON,
87-21101-00,  ,Calgary,AB,
